{"cameraMode":{"drawMode":0,"name":"Shaded","section":"Shading Mode"},"sceneLighting":false,"audioPlay":false,"sceneViewState":{"showFog":true,"showMaterialUpdate":false,"showSkybox":false,"showFlares":true,"showImageEffects":true,"showParticleSystems":true},"in2DMode":false,"pivot":{"x":-0.2051393985748291,"y":0.4657444953918457,"z":0.43561530113220217},"rotation":{"x":0.2661188244819641,"y":0.3042120337486267,"z":-0.08892827481031418,"w":0.910358726978302},"size":1.8247449398040772,"orthographic":false}